,DATE,MSACSR,UNRATE,MAVR,DSPI,PMSAVE,PCE,OECD_GDP,RGDP,DR,HPI
0,2002-01-01,4.2,5.7,6.9975,9951.9,451.1,7184.6,99.1214399859149,13394.91,2.24,117.143
1,2002-02-01,4.0,5.7,6.8925,9966.6,437.5,7225.2,99.1178113183239,13394.91,2.24,117.845
2,2002-03-01,4.1,5.7,7.014,9973.3,448.6,7243.4,99.1116371279202,13394.91,2.24,118.686
3,2002-04-01,4.3,5.9,6.985,10007.2,440.7,7312.5,99.0931061910895,13477.356,2.16,119.61
4,2002-05-01,4.0,5.8,6.806,10047.9,504.4,7288.9,99.0554166782875,13477.356,2.16,120.724
5,2002-06-01,4.2,5.8,6.65,10078.5,507.4,7322.5,98.9946965176789,13477.356,2.16,121.812
6,2002-07-01,4.2,5.8,6.485,10053.5,441.7,7387.3,98.9112766026314,13531.741,2.1,122.887
7,2002-08-01,4.0,5.7,6.29,10056.6,435.9,7412.6,98.8083919215623,13531.741,2.1,123.83
8,2002-09-01,3.9,5.7,6.0925,10068.3,482.0,7391.5,98.6924960818916,13531.741,2.1,124.779
9,2002-10-01,4.0,5.7,6.1125,10097.3,474.3,7435.2,98.5749504552048,13549.421,2.0,125.734
10,2002-11-01,4.0,5.9,6.068,10124.3,476.6,7463.8,98.4691912940186,13549.421,2.0,126.669
11,2002-12-01,4.0,6.0,6.0475,10148.6,449.6,7519.9,98.3880522857795,13549.421,2.0,127.623
12,2003-01-01,4.0,5.8,5.916,10133.6,442.9,7541.3,98.3402766703069,13619.434,1.97,128.46
13,2003-02-01,4.5,5.9,5.8425,10097.6,439.1,7548.6,98.3329933622314,13619.434,1.97,129.355
14,2003-03-01,4.1,5.9,5.745,10121.5,415.9,7611.5,98.3717567602945,13619.434,1.97,130.14700000000002
15,2003-04-01,4.1,6.0,5.8125,10181.4,426.5,7634.5,98.4576357540916,13741.107,1.83,130.884
16,2003-05-01,3.9,6.1,5.484,10261.2,465.7,7650.3,98.5885112730247,13741.107,1.83,131.734
17,2003-06-01,3.5,6.3,5.23,10291.2,449.2,7699.6,98.7568922403119,13741.107,1.83,132.649
18,2003-07-01,3.6,6.2,5.6325,10415.5,521.3,7757.0,98.9443755527565,13970.157,1.73,133.77700000000002
19,2003-08-01,3.5,6.1,6.264,10487.7,513.3,7852.1,99.1289802239903,13970.157,1.73,134.968
20,2003-09-01,3.8,6.1,6.1475,10369.1,439.1,7853.7,99.2910603370761,13970.157,1.73,136.29399999999998
21,2003-10-01,3.8,6.0,5.952,10408.4,453.3,7867.4,99.4193934028651,14131.379,1.76,137.532
22,2003-11-01,4.1,5.8,5.9325,10470.9,459.3,7922.6,99.5090060130125,14131.379,1.76,138.793
23,2003-12-01,4.0,5.7,5.876,10479.0,454.4,7950.4,99.5613265856575,14131.379,1.76,140.179
24,2004-01-01,3.8,5.7,5.7125,10472.7,425.4,8007.1,99.5870285901003,14212.34,1.65,141.64600000000002
25,2004-02-01,3.7,5.6,5.635,10491.3,426.3,8040.4,99.5999623063464,14212.34,1.65,143.191
26,2004-03-01,3.6,5.8,5.445,10533.6,418.7,8098.8,99.6129954760454,14212.34,1.65,145.059
27,2004-04-01,4.0,5.6,5.83,10569.6,452.4,8107.2,99.6348064569359,14323.017,1.6,146.592
28,2004-05-01,3.8,5.6,6.27,10623.3,454.8,8176.5,99.6709506081368,14323.017,1.6,148.185
29,2004-06-01,3.9,5.6,6.2875,10631.8,504.3,8157.6,99.7243190531832,14323.017,1.6,149.85
30,2004-07-01,4.5,5.5,6.056,10658.1,453.2,8236.9,99.7945918765541,14457.832,1.56,151.338
31,2004-08-01,4.3,5.4,5.8675,10693.5,450.6,8271.6,99.8799040598655,14457.832,1.56,152.634
32,2004-09-01,4.1,5.4,5.754,10701.4,402.3,8341.5,99.9773261848034,14457.832,1.56,154.179
33,2004-10-01,3.9,5.5,5.7225,10707.4,387.9,8397.1,100.082302618552,14605.595,1.41,155.75
34,2004-11-01,4.3,5.4,5.73,10677.3,345.5,8444.5,100.189089830422,14605.595,1.41,157.52700000000002
35,2004-12-01,4.1,5.4,5.752,11072.9,623.8,8504.4,100.29070616305,14605.595,1.41,159.33
36,2005-01-01,4.4,5.3,5.71,10670.3,296.2,8497.7,100.378817056258,14767.846,1.42,161.28799999999998
37,2005-02-01,4.3,5.4,5.6275,10677.1,263.6,8559.1,100.446099110936,14767.846,1.42,163.344
38,2005-03-01,4.1,5.2,5.928,10717.4,285.7,8598.4,100.489659855363,14767.846,1.42,165.812
39,2005-04-01,4.3,5.2,5.855,10751.9,252.0,8678.4,100.516033104288,14839.707,1.55,167.50099999999998
40,2005-05-01,4.2,5.1,5.72,10799.8,302.0,8671.6,100.535410113298,14839.707,1.55,169.35
41,2005-06-01,4.3,5.0,5.582,10824.4,242.9,8753.4,100.557238414194,14839.707,1.55,171.19
42,2005-07-01,4.2,5.0,5.695,10839.0,193.4,8853.8,100.586485044479,14956.291,1.59,172.859
43,2005-08-01,4.5,4.9,5.82,10856.6,248.7,8850.1,100.626072648861,14956.291,1.59,174.44299999999998
44,2005-09-01,4.7,5.0,5.774,10815.7,252.2,8900.4,100.678937413005,14956.291,1.59,176.437
45,2005-10-01,4.5,5.0,6.065,10870.2,274.5,8938.5,100.749508366891,15041.232,1.64,178.02700000000002
46,2005-11-01,5.0,5.0,6.33,10937.8,304.5,8946.2,100.840057785467,15041.232,1.64,179.68
47,2005-12-01,4.9,4.9,6.272,10976.2,300.1,8981.1,100.945949938414,15041.232,1.64,180.91
48,2006-01-01,5.3,4.7,6.145,11096.7,363.2,9071.6,101.049609290109,15244.088,1.61,182.32
49,2006-02-01,6.1,4.8,6.2525,11151.4,388.5,9096.0,101.129715656224,15244.088,1.61,183.287
50,2006-03-01,5.9,4.7,6.324,11195.7,408.1,9132.9,101.17077658347,15244.088,1.61,184.364
51,2006-04-01,6.3,4.7,6.5075,11190.3,382.1,9191.6,101.174579796904,15281.525,1.62,184.329
52,2006-05-01,6.2,4.6,6.5975,11182.7,362.4,9231.8,101.152141913806,15281.525,1.62,184.156
53,2006-06-01,6.3,4.6,6.682,11198.2,372.3,9259.6,101.118510706531,15281.525,1.62,183.507
54,2006-07-01,7.3,4.7,6.7625,11196.3,315.8,9343.8,101.089696731368,15304.517,1.74,183.067
55,2006-08-01,6.7,4.7,6.524,11189.6,336.7,9342.2,101.078733631688,15304.517,1.74,182.596
56,2006-09-01,6.7,4.5,6.4025,11252.3,327.3,9375.4,101.091674002951,15304.517,1.74,182.798
57,2006-10-01,7.3,4.4,6.3575,11306.0,327.7,9393.6,101.12255493265,15433.643,1.92,183.198
58,2006-11-01,6.6,4.5,6.24,11353.1,364.1,9400.2,101.161186920368,15433.643,1.92,183.609
59,2006-12-01,6.5,4.4,6.135,11406.8,355.6,9488.3,101.199866980251,15433.643,1.92,184.138
60,2007-01-01,7.2,4.6,6.2175,11403.7,332.9,9538.7,101.23977102748,15478.956,2.08,184.516
61,2007-02-01,7.9,4.5,6.285,11439.6,372.9,9566.0,101.286349012281,15478.956,2.08,184.598
62,2007-03-01,7.9,4.4,6.156,11475.0,402.2,9611.7,101.344875667866,15478.956,2.08,184.149
63,2007-04-01,7.4,4.5,6.18,11490.1,397.2,9643.6,101.415761141154,15577.779,2.29,183.01
64,2007-05-01,7.8,4.4,6.262,11495.5,381.6,9685.8,101.496394938922,15577.779,2.29,181.6
65,2007-06-01,8.2,4.6,6.6575,11488.4,370.1,9706.8,101.582329542595,15577.779,2.29,180.254
66,2007-07-01,8.3,4.7,6.695,11500.4,356.7,9751.1,101.667991156755,15671.605,2.71,179.111
67,2007-08-01,9.2,4.6,6.572,11506.2,322.6,9798.9,101.746569073709,15671.605,2.71,178.11700000000002
68,2007-09-01,9.2,4.7,6.3825,11527.1,333.6,9845.1,101.810147866904,15671.605,2.71,177.558
69,2007-10-01,8.5,4.7,6.375,11523.6,323.6,9882.7,101.850570133946,15767.146,3.1,176.62400000000002
70,2007-11-01,9.4,4.7,6.208,11512.3,296.5,9955.9,101.861821061567,15767.146,3.1,175.14700000000002
71,2007-12-01,9.6,5.0,6.095,11552.1,342.1,9972.8,101.844274177477,15767.146,3.1,174.342
72,2008-01-01,9.3,5.0,5.758,11553.4,348.5,9996.4,101.811192333216,15702.906,3.68,173.132
73,2008-02-01,9.7,4.9,5.9175,11547.6,385.0,9981.7,101.776317481734,15702.906,3.68,171.54
74,2008-03-01,10.5,5.1,5.97,11545.3,367.3,10035.3,101.742777426203,15702.906,3.68,170.053
75,2008-04-01,10.3,5.0,5.9175,11500.7,312.0,10070.3,101.692324416798,15792.773,4.36,168.338
76,2008-05-01,10.7,5.4,6.036,12060.9,826.4,10132.3,101.595099418774,15792.773,4.36,166.65900000000002
77,2008-06-01,10.7,5.6,6.32,11755.3,564.2,10187.1,101.42079551971,15792.773,4.36,165.017
78,2008-07-01,10.5,5.8,6.426,11574.0,445.0,10185.1,101.15329632852,15709.562,5.28,163.566
79,2008-08-01,11.3,6.1,6.4775,11506.9,381.3,10175.7,100.788062625914,15709.562,5.28,161.988
80,2008-09-01,10.9,6.1,6.0375,11531.5,472.7,10116.4,100.336132467898,15709.562,5.28,160.308
81,2008-10-01,11.6,6.5,6.2,11616.7,576.0,10034.1,99.8348478852141,15366.607,6.58,158.326
82,2008-11-01,11.4,6.8,6.0875,11713.8,693.2,9885.2,99.3306794760854,15366.607,6.58,156.141
83,2008-12-01,11.2,7.3,5.286,11655.4,668.7,9801.5,98.8660559481807,15366.607,6.58,153.618
84,2009-01-01,12.2,7.8,5.0475,11718.0,676.6,9847.2,98.4669460385478,15187.475,8.01,151.506
85,2009-02-01,10.5,8.3,5.13,11598.7,605.9,9824.5,98.1493681831289,15187.475,8.01,150.014
86,2009-03-01,11.0,8.7,5.0025,11593.4,639.4,9773.2,97.92108414606,15187.475,8.01,148.66
87,2009-04-01,10.7,9.0,4.81,11660.2,718.7,9772.5,97.7773505418686,15161.772,8.57,147.94799999999998
88,2009-05-01,9.3,9.4,4.8575,11826.7,868.3,9791.6,97.7102322556867,15161.772,8.57,147.695
89,2009-06-01,8.5,9.5,5.42,11610.9,672.5,9852.4,97.7116590317583,15161.772,8.57,148.09
90,2009-07-01,7.9,9.5,5.222,11560.4,593.9,9886.3,97.7708977920606,15216.647,9.48,148.409
91,2009-08-01,7.5,9.6,5.1925,11538.6,485.5,10004.1,97.8775688900811,15216.647,9.48,148.27700000000002
92,2009-09-01,7.8,9.8,5.0575,11573.1,607.4,9927.8,98.0204151092946,15216.647,9.48,148.024
93,2009-10-01,7.4,10.0,4.952,11538.1,566.9,9976.7,98.1825426576325,15379.155,10.4,147.849
94,2009-11-01,7.6,9.9,4.875,11571.0,619.7,9985.7,98.3480188880759,15379.155,10.4,148.134
95,2009-12-01,8.0,9.9,4.93,11630.0,621.2,10052.6,98.507000627607,15379.155,10.4,147.929
96,2010-01-01,8.1,9.8,5.03,11644.6,653.0,10056.1,98.6605222423923,15456.059,11.48,147.395
97,2010-02-01,8.3,9.8,4.99,11655.6,625.6,10093.4,98.8144464139159,15456.059,11.48,145.631
98,2010-03-01,7.1,9.9,4.9675,11702.1,624.2,10156.0,98.9736035417686,15456.059,11.48,145.859
99,2010-04-01,6.2,9.9,5.098,11799.8,702.0,10182.3,99.1356991286101,15605.628,11.08,146.404
100,2010-05-01,9.3,9.6,4.8875,11887.9,762.1,10210.8,99.2941234372124,15605.628,11.08,146.394
101,2010-06-01,8.3,9.4,4.7375,11895.0,742.0,10231.3,99.4403926119495,15605.628,11.08,145.72
102,2010-07-01,8.9,9.4,4.564,11910.8,731.3,10268.1,99.5666976035147,15726.282,10.66,144.99
103,2010-08-01,8.8,9.5,4.4275,11949.7,748.0,10307.1,99.6654104984455,15726.282,10.66,143.915
104,2010-09-01,7.6,9.5,4.346,11949.4,742.1,10327.1,99.7298523598119,15726.282,10.66,143.018
105,2010-10-01,8.2,9.4,4.225,11950.4,718.1,10386.4,99.7568693422834,15807.995,10.33,142.531
106,2010-11-01,8.2,9.8,4.3,11960.5,703.7,10433.6,99.7466508252047,15807.995,10.33,142.172
107,2010-12-01,7.0,9.3,4.714,12030.1,759.6,10471.0,99.7050408164764,15807.995,10.33,142.061
108,2011-01-01,7.3,9.1,4.755,12084.4,807.3,10514.3,99.6483150319792,15769.911,10.36,141.52200000000002
109,2011-02-01,8.1,9.0,4.9525,12117.0,846.5,10540.6,99.5946108621794,15769.911,10.36,140.351
110,2011-03-01,7.2,9.0,4.836,12083.3,780.5,10619.7,99.5563302488957,15769.911,10.36,139.982
111,2011-04-01,6.7,9.1,4.84,12061.3,773.5,10652.1,99.5322161268509,15876.839,10.55,140.01
112,2011-05-01,6.6,9.0,4.6375,12043.2,772.8,10672.2,99.5168164959769,15876.839,10.55,139.905
113,2011-06-01,6.6,9.1,4.51,12087.9,795.7,10694.8,99.5087176330192,15876.839,10.55,139.862
114,2011-07-01,6.7,9.0,4.545,12128.6,819.5,10731.6,99.5179641653151,15870.684,10.51,139.73
115,2011-08-01,6.5,9.0,4.27,12120.6,819.2,10750.3,99.5583516567855,15870.684,10.51,139.308
116,2011-09-01,6.3,9.0,4.106,12104.0,782.7,10783.2,99.6383429443852,15870.684,10.51,138.66899999999998
117,2011-10-01,6.0,8.8,4.0675,12117.0,774.3,10802.9,99.7495575440219,16048.702,10.26,137.953
118,2011-11-01,5.7,8.6,3.9925,12112.6,792.9,10806.8,99.8757273348248,16048.702,10.26,137.153
119,2011-12-01,5.3,8.5,3.958,12227.3,907.2,10817.8,99.9992110971594,16048.702,10.26,136.675
120,2012-01-01,5.3,8.3,3.915,12311.1,953.0,10896.8,100.106292242065,16179.968,10.33,136.608
121,2012-02-01,4.8,8.3,3.89,12384.8,959.1,10987.2,100.1865883332,16179.968,10.33,136.533
122,2012-03-01,4.9,8.2,3.954,12431.1,1014.5,10993.9,100.23347507314,16179.968,10.33,137.905
123,2012-04-01,4.9,8.2,3.91,12486.5,1062.5,11018.5,100.246259843289,16253.726,10.45,139.155
124,2012-05-01,4.7,8.2,3.798,12490.2,1066.9,11006.8,100.227304321212,16253.726,10.45,140.155
125,2012-06-01,4.8,8.2,3.675,12482.6,1074.9,10989.8,100.181430082312,16253.726,10.45,141.03
126,2012-07-01,4.6,8.2,3.55,12396.5,967.8,11016.8,100.117449528689,16282.151,10.47,141.66899999999998
127,2012-08-01,4.6,8.1,3.602,12364.4,935.0,11056.0,100.045786519184,16282.151,10.47,142.281
128,2012-09-01,4.5,7.8,3.4975,12453.3,1009.3,11105.3,99.9772877879955,16282.151,10.47,142.909
129,2012-10-01,4.9,7.8,3.3825,12538.2,1096.1,11137.4,99.9224864399099,16300.035,10.02,143.602
130,2012-11-01,4.6,7.7,3.352,12702.9,1214.4,11178.4,99.8892231155453,16300.035,10.02,144.586
131,2012-12-01,4.5,7.9,3.345,13011.6,1523.4,11181.2,99.8791872123189,16300.035,10.02,145.503
132,2013-01-01,4.0,8.0,3.414,12258.9,725.4,11245.8,99.8827951784429,16441.485,9.74,146.827
133,2013-02-01,4.1,7.7,3.5325,12224.9,698.3,11282.1,99.887694798894,16441.485,9.74,147.783
134,2013-03-01,4.2,7.5,3.565,12262.1,729.1,11268.9,99.8861320156999,16441.485,9.74,149.963
135,2013-04-01,4.4,7.6,3.445,12299.0,765.3,11259.3,99.8820825433429,16464.402,9.32,151.519
136,2013-05-01,4.6,7.5,3.536,12358.6,800.4,11295.1,99.8840263285234,16464.402,9.32,152.849
137,2013-06-01,4.1,7.5,4.07,12361.7,811.7,11318.5,99.8978043066711,16464.402,9.32,154.19899999999998
138,2013-07-01,5.5,7.3,4.37,12350.6,786.5,11346.8,99.9189491476409,16594.743,8.66,155.60399999999998
139,2013-08-01,5.5,7.2,4.456,12379.6,802.3,11376.9,99.9373416933275,16594.743,8.66,156.965
140,2013-09-01,5.4,7.2,4.49,12431.5,819.0,11413.9,99.9412121201177,16594.743,8.66,158.227
141,2013-10-01,4.9,7.2,4.192,12395.1,752.2,11465.2,99.9212283093407,16712.76,8.3,159.24200000000002
142,2013-11-01,5.0,6.9,4.255,12426.2,738.2,11531.3,99.8739993247687,16712.76,8.3,160.07399999999998
143,2013-12-01,5.2,6.7,4.4575,12452.7,763.4,11558.6,99.80715516374,16712.76,8.3,160.993
144,2014-01-01,5.1,6.6,4.432,12513.3,856.8,11543.7,99.7462179736913,16654.247,7.77,161.92700000000002
145,2014-02-01,5.3,6.7,4.3025,12579.5,855.6,11615.4,99.7212816302571,16654.247,7.77,162.52700000000002
146,2014-03-01,5.6,6.7,4.3425,12648.6,868.9,11695.2,99.7533183903039,16654.247,7.77,163.088
147,2014-04-01,5.7,6.2,4.3375,12699.0,901.5,11737.4,99.8378627648907,16868.109,7.43,163.395
148,2014-05-01,5.2,6.3,4.192,12745.0,930.0,11778.6,99.9576236559893,16868.109,7.43,163.662
149,2014-06-01,5.7,6.1,4.1625,12797.2,940.0,11838.0,100.091095525913,16868.109,7.43,164.062
150,2014-07-01,6.2,6.2,4.13,12835.1,953.6,11879.2,100.218541676581,17064.616,7.06,164.576
151,2014-08-01,5.4,6.1,4.115,12896.3,931.6,11958.8,100.32484050224,17064.616,7.06,165.21599999999998
152,2014-09-01,5.4,5.9,4.1625,12938.8,967.0,11964.9,100.402696261084,17064.616,7.06,165.907
153,2014-10-01,5.3,5.7,4.036,12995.3,946.7,12035.5,100.457264362383,17141.235,6.5,166.643
154,2014-11-01,5.7,5.8,3.9975,13062.8,980.4,12058.4,100.498298005338,17141.235,6.5,167.33700000000002
155,2014-12-01,5.1,5.6,3.864,13150.5,1038.9,12067.6,100.533873953009,17141.235,6.5,168.05200000000002
156,2015-01-01,4.8,5.7,3.67,13224.7,1078.7,12036.5,100.565037138346,17280.647,6.24,168.634
157,2015-02-01,4.5,5.5,3.71,13271.8,1103.4,12083.1,100.588307318958,17280.647,6.24,169.132
158,2015-03-01,5.1,5.4,3.77,13233.7,1042.5,12132.2,100.598446214159,17280.647,6.24,169.801
159,2015-04-01,4.9,5.4,3.672,13262.8,1039.3,12170.3,100.591735875292,17380.875,5.82,170.299
160,2015-05-01,5.0,5.6,3.84,13284.7,1026.0,12233.6,100.565491285991,17380.875,5.82,170.882
161,2015-06-01,5.4,5.3,3.9825,13292.7,1017.7,12270.3,100.518741578537,17380.875,5.82,171.467
162,2015-07-01,5.2,5.2,4.046,13324.1,1002.3,12327.5,100.45426954857,17437.08,5.39,172.12900000000002
163,2015-08-01,5.0,5.1,3.905,13354.9,1002.7,12359.3,100.376885540501,17437.08,5.39,172.938
164,2015-09-01,5.9,5.0,3.89,13392.0,1024.8,12356.4,100.292957638507,17437.08,5.39,173.83
165,2015-10-01,5.6,5.0,3.796,13419.8,1042.7,12362.3,100.210856808558,17462.579,5.11,174.793
166,2015-11-01,5.5,5.1,3.9425,13417.7,1010.7,12397.5,100.138266048534,17462.579,5.11,175.739
167,2015-12-01,5.1,5.0,3.964,13482.0,1027.6,12432.8,100.079376841916,17462.579,5.11,176.545
168,2016-01-01,5.6,4.8,3.8725,13531.6,1070.4,12452.1,100.031414439498,17565.465,4.78,177.27200000000002
169,2016-02-01,5.5,4.9,3.66,13546.1,1005.9,12526.3,99.9892127308325,17565.465,4.78,177.65200000000002
170,2016-03-01,5.5,5.0,3.694,13547.2,1062.2,12506.8,99.948958370319,17565.465,4.78,178.168
171,2016-04-01,5.0,5.1,3.605,13522.0,1005.1,12586.0,99.9114858177997,17618.581,4.59,178.768
172,2016-05-01,5.1,4.8,3.6,13515.1,976.1,12624.4,99.8796340842436,17618.581,4.59,179.43099999999998
173,2016-06-01,5.3,4.9,3.568,13521.5,927.7,12701.7,99.8554036984802,17618.581,4.59,180.079
174,2016-07-01,4.5,4.8,3.44,13567.1,958.1,12720.6,99.8367082505298,17724.489,4.38,180.829
175,2016-08-01,5.0,4.9,3.435,13578.9,962.8,12749.8,99.8196664654412,17724.489,4.38,181.854
176,2016-09-01,5.2,5.0,3.46,13608.3,962.8,12806.8,99.8004666485127,17724.489,4.38,182.827
177,2016-10-01,5.2,4.9,3.47,13627.7,987.9,12828.1,99.7770860661539,17812.56,4.14,183.756
178,2016-11-01,5.2,4.7,3.77,13657.8,996.5,12853.6,99.7490948832232,17812.56,4.14,184.765
179,2016-12-01,5.4,4.7,4.198,13685.3,938.5,12962.9,99.7177440953961,17812.56,4.14,185.726
180,2017-01-01,5.4,4.7,4.15,13747.2,1000.5,13020.4,99.686368869586,17889.094,3.9,186.8
181,2017-02-01,5.3,4.6,4.1675,13783.4,1043.5,13038.6,99.6597048112428,17889.094,3.9,187.314
182,2017-03-01,5.0,4.4,4.196,13840.4,1047.1,13089.3,99.6432024834794,17889.094,3.9,187.992
183,2017-04-01,5.4,4.4,4.045,13864.5,1071.8,13114.1,99.6420033232968,17979.218,3.68,188.727
184,2017-05-01,5.1,4.4,4.01,13957.3,1157.0,13117.6,99.6607278699849,17979.218,3.68,189.622
185,2017-06-01,5.3,4.3,3.904,13959.9,1113.2,13170.3,99.7021591186162,17979.218,3.68,190.512
186,2017-07-01,5.8,4.3,3.9675,13995.9,1130.9,13193.5,99.7644829501225,18127.994,3.64,191.454
187,2017-08-01,6.1,4.4,3.88,14003.4,1134.0,13234.1,99.8435017604997,18127.994,3.64,192.675
188,2017-09-01,5.3,4.3,3.805,14021.4,1092.2,13353.4,99.9333179714562,18127.994,3.64,193.774
189,2017-10-01,5.5,4.2,3.895,14049.5,1106.2,13383.4,100.025795312451,18310.3,3.57,194.82
190,2017-11-01,4.8,4.2,3.922,14060.5,1040.5,13479.8,100.112993768259,18310.3,3.57,195.96400000000003
191,2017-12-01,5.6,4.1,3.95,14081.0,948.5,13609.0,100.189399772073,18310.3,3.57,197.17
192,2018-01-01,6.0,4.0,4.0325,14173.9,1081.7,13628.4,100.25452138188,18437.127,3.48,198.294
193,2018-02-01,5.7,4.1,4.33,14198.4,1104.2,13668.3,100.310050177293,18437.127,3.48,199.211
194,2018-03-01,5.2,4.0,4.444,14242.1,1105.3,13735.4,100.357824813121,18437.127,3.48,199.952
195,2018-04-01,5.6,4.0,4.4675,14275.9,1110.0,13792.1,100.398485698099,18565.697,3.22,200.655
196,2018-05-01,5.5,3.8,4.586,14320.7,1115.8,13860.2,100.430889873389,18565.697,3.22,201.433
197,2018-06-01,5.8,4.0,4.57,14374.9,1147.0,13900.2,100.45205165032,18565.697,3.22,202.243
198,2018-07-01,6.0,3.8,4.5275,14440.0,1173.3,13952.3,100.457695774003,18699.748,2.99,202.926
199,2018-08-01,6.5,3.8,4.55,14495.0,1192.6,14001.1,100.444245250064,18699.748,2.99,203.71400000000003
200,2018-09-01,6.6,3.7,4.6275,14495.6,1214.1,14013.0,100.411941097908,18699.748,2.99,204.389
201,2018-10-01,7.2,3.8,4.83,14542.2,1207.8,14096.5,100.369338526827,18733.741,2.83,205.159
202,2018-11-01,6.4,3.8,4.866,14588.7,1199.9,14160.6,100.328205744365,18733.741,2.83,205.692
203,2018-12-01,7.6,3.9,4.6375,14773.3,1511.9,14051.7,100.299233706638,18733.741,2.83,206.149
204,2019-01-01,7.0,4.0,4.464,14791.2,1495.0,14090.0,100.287721372676,18835.411,2.69,206.495
205,2019-02-01,6.4,3.8,4.37,14835.3,1544.2,14113.9,100.295842399705,18835.411,2.69,206.792
206,2019-03-01,5.7,3.8,4.265,14843.9,1476.6,14233.8,100.323689791685,18835.411,2.69,207.017
207,2019-04-01,5.8,3.6,4.1425,14811.8,1443.7,14272.6,100.368944840042,18962.175,2.6,207.51
208,2019-05-01,6.7,3.7,4.072,14814.7,1403.9,14322.1,100.427889661879,18962.175,2.6,208.157
209,2019-06-01,5.2,3.6,3.8025,14841.3,1384.1,14376.6,100.495200266308,18962.175,2.6,208.677
210,2019-07-01,5.9,3.7,3.765,14871.8,1368.1,14448.3,100.562787959643,19130.932,2.44,209.319
211,2019-08-01,5.4,3.7,3.616,14960.3,1431.8,14487.0,100.622613916017,19130.932,2.44,210.145
212,2019-09-01,5.4,3.5,3.605,15000.7,1465.5,14511.2,100.669516714288,19130.932,2.44,210.97
213,2019-10-01,5.3,3.6,3.688,15022.4,1474.8,14554.2,100.704624642901,19215.691,2.34,211.874
214,2019-11-01,5.4,3.6,3.695,15084.2,1490.6,14613.8,100.730693370241,19215.691,2.34,212.819
215,2019-12-01,5.6,3.6,3.72,15018.1,1381.3,14689.2,100.748325401332,19215.691,2.34,213.906
216,2020-01-01,5.7,3.5,3.624,15149.7,1524.8,14728.8,100.752883576149,18989.877,2.35,214.904
217,2020-02-01,5.6,3.5,3.465,15232.8,1581.2,14785.7,100.735939479634,18989.877,2.35,215.721
218,2020-03-01,6.5,4.4,3.45,15008.5,2297.6,13806.0,96.1186419077283,18989.877,2.35,216.314
219,2020-04-01,6.9,14.7,3.306,17246.2,6428.1,12082.4,93.1524984819753,17378.712,2.54,216.80900000000003
220,2020-05-01,5.4,13.2,3.2325,16423.4,4510.6,13129.4,91.6337770277386,17378.712,2.54,217.015
221,2020-06-01,3.8,11.0,3.1625,16272.5,3617.7,13937.5,93.5413665603573,17378.712,2.54,217.657
222,2020-07-01,3.4,10.2,3.016,16372.2,3487.9,14230.1,95.4300025971101,18743.72,2.84,219.448
223,2020-08-01,3.3,8.4,2.935,15739.2,2714.5,14352.8,97.2973194133209,18743.72,2.84,222.484
224,2020-09-01,3.4,7.9,2.89,15799.7,2569.3,14583.3,97.4332919860023,18743.72,2.84,225.937
225,2020-10-01,3.3,6.9,2.834,15729.1,2462.2,14626.1,97.572373545001,18924.262,2.74,229.888
226,2020-11-01,4.0,6.7,2.765,15522.5,2311.5,14561.0,97.7262752782543,18924.262,2.74,233.253
227,2020-12-01,4.1,6.7,2.684,15536.5,2402.8,14571.1,98.0951735684602,18924.262,2.74,236.433
228,2021-01-01,4.0,6.3,2.735,17099.2,3855.5,14932.2,98.4825763610782,19216.224,2.68,239.413
229,2021-02-01,4.9,6.2,2.81,15662.7,2378.0,14843.2,98.8477263942433,19216.224,2.68,242.123
230,2021-03-01,4.4,6.1,3.0825,19213.9,5732.7,15619.1,99.0866979655826,19216.224,2.68,245.325
231,2021-04-01,4.7,6.1,3.06,16264.7,2381.8,15712.6,99.2841694033432,19544.248,2.47,249.077
232,2021-05-01,5.6,5.8,2.9625,15790.4,1872.0,15767.9,99.4541573056759,19544.248,2.47,253.474
233,2021-06-01,5.8,5.9,2.975,15708.6,1682.0,15960.1,99.6381890211294,19544.248,2.47,258.423
234,2021-07-01,5.7,5.4,2.868,15821.9,1824.3,16027.9,99.8266899688885,19672.594,2.3,262.956
235,2021-08-01,6.5,5.2,2.8425,15802.4,1754.4,16146.0,100.014196030831,19672.594,2.3,267.005
236,2021-09-01,6.0,4.8,2.9,15580.2,1428.6,16268.0,100.18955800405,19672.594,2.3,270.523
237,2021-10-01,6.8,4.5,3.0675,15584.9,1330.1,16473.7,100.326116587681,20006.181,2.28,273.931
238,2021-11-01,6.0,4.2,3.0675,15543.5,1308.9,16557.9,100.394053198278,20006.181,2.28,277.284
239,2021-12-01,5.6,3.9,3.098,15483.6,1372.3,16522.4,100.375585518196,20006.181,2.28,281.266
240,2022-01-01,5.8,4.0,3.445,15137.7,845.6,16725.6,100.284923263449,19924.088,2.09,285.708
241,2022-02-01,6.2,3.8,3.7625,15125.6,813.3,16844.5,100.151473379839,19924.088,2.09,290.795
242,2022-03-01,7.0,3.6,4.172,15064.1,695.8,17054.2,100.008121862747,19924.088,2.09,296.271
243,2022-04-01,8.5,3.6,4.9825,15055.2,651.1,17115.6,99.8827237406359,19895.271,1.96,300.625
244,2022-05-01,8.3,3.6,5.23,15036.4,616.0,17231.1,99.7959360374468,19895.271,1.96,303.904
245,2022-06-01,9.5,3.6,5.522,14973.1,506.3,17437.4,99.7578496623034,19895.271,1.96,304.817
246,2022-07-01,10.1,3.5,5.4125,15100.2,644.7,17420.3,99.7618507511569,20054.663,1.85,304.108
247,2022-08-01,8.7,3.7,5.2225,15149.6,606.4,17550.9,99.794134971408,20054.663,1.85,301.638
248,2022-09-01,9.7,3.5,6.112,15172.2,574.4,17656.8,99.840098616332,20054.663,1.85,299.443
249,2022-10-01,9.7,3.7,6.9,15218.9,577.4,17778.2,99.8886733932253,20182.491,1.78,299.017
250,2022-11-01,9.4,3.6,6.805,15238.7,664.1,17735.0,99.9324697769032,20182.491,1.78,298.232
251,2022-12-01,8.5,3.5,6.364,15250.6,702.3,17736.5,99.9677200307261,20182.491,1.78,297.189
252,2023-01-01,8.1,3.4,6.2725,15504.7,785.3,18076.6,99.9945403928104,20282.76,1.74,296.601
253,2023-02-01,8.4,3.6,6.2575,15545.3,836.1,18123.9,100.014995572823,20282.76,1.74,296.958
254,2023-03-01,8.1,3.5,6.544,15598.6,901.2,18138.7,100.031745877562,20282.76,1.74,298.21
255,2023-04-01,7.6,3.4,6.3425,15633.0,885.4,18241.4,100.047132582639,20386.467,1.72,300.214
256,2023-05-01,7.3,3.7,6.425,15697.7,939.2,18274.3,100.06285799584,20386.467,1.72,302.657
